{
  "files": [
    "d:\\MOJE PROJEKTY\\Skrytpy\\przerywania_pic\\dali_rx_manchester.csv",
    "d:\\MOJE PROJEKTY\\Skrytpy\\przerywania_pic\\dali_tx_manchester.csv"
  ],
  "frame_count": 5,
  "frames": [
    {
      "time": 1.474140083,
      "value": 22,
      "ascii": ".",
      "source": "DALI_RX"
    },
    {
      "time": 2.447806167,
      "value": 41,
      "ascii": ")",
      "source": "DALI_TX"
    },
    {
      "time": 2.447878417,
      "value": 214,
      "ascii": ".",
      "source": "DALI_RX"
    },
    {
      "time": 2.45436275,
      "value": 11,
      "ascii": ".",
      "source": "DALI_TX"
    },
    {
      "time": 2.454436,
      "value": 244,
      "ascii": ".",
      "source": "DALI_RX"
    }
  ]
}